{"current_scene": "COVER-OPENING", "current_program_scene": "COVER-OPENING", "scene_order": [{"name": "COVER-OPENING"}, {"name": "crowd"}, {"name": "front"}, {"name": "mimbar"}, {"name": "pip2"}, {"name": "pip2 2"}], "name": "Kautsar", "sources": [{"prev_ver": 486604803, "name": "Mixer", "uuid": "2b23df2c-7b2c-4be5-b267-548ff956babe", "id": "wasapi_input_capture", "versioned_id": "wasapi_input_capture", "settings": {"device_id": "{0.0.1.00000000}.{8663212b-f2d6-4e4c-8bb1-3d79a61ad4ec}"}, "mixers": 255, "sync": 0, "flags": 0, "volume": 1.0, "balance": 0.5, "enabled": true, "muted": false, "push-to-mute": false, "push-to-mute-delay": 0, "push-to-talk": false, "push-to-talk-delay": 0, "hotkeys": {"libobs.mute": [], "libobs.unmute": [], "libobs.push-to-mute": [], "libobs.push-to-talk": []}, "deinterlace_mode": 0, "deinterlace_field_order": 0, "monitoring_type": 2, "private_settings": {"mixer_hidden": false}, "filters": [{"prev_ver": 486604803, "name": "Limiter", "uuid": "3ee23510-54cb-4578-b728-9904ae267063", "id": "limiter_filter", "versioned_id": "limiter_filter", "settings": {"threshold": -10.0}, "mixers": 255, "sync": 0, "flags": 0, "volume": 1.0, "balance": 0.5, "enabled": true, "muted": false, "push-to-mute": false, "push-to-mute-delay": 0, "push-to-talk": false, "push-to-talk-delay": 0, "hotkeys": {}, "deinterlace_mode": 0, "deinterlace_field_order": 0, "monitoring_type": 0, "private_settings": {}}, {"prev_ver": 486604803, "name": "Noise Suppression", "uuid": "9f246fc7-5dd2-4a92-9639-98ec4f4e0176", "id": "noise_suppress_filter", "versioned_id": "noise_suppress_filter_v2", "settings": {}, "mixers": 255, "sync": 0, "flags": 0, "volume": 1.0, "balance": 0.5, "enabled": true, "muted": false, "push-to-mute": false, "push-to-mute-delay": 0, "push-to-talk": false, "push-to-talk-delay": 0, "hotkeys": {}, "deinterlace_mode": 0, "deinterlace_field_order": 0, "monitoring_type": 0, "private_settings": {}}]}, {"prev_ver": 486604803, "name": "CAM", "uuid": "af2e4dfc-74ae-4777-9779-bdbb4c3908de", "id": "v4l2_input", "versioned_id": "v4l2_input", "settings": {"resolution": "1920x1080", "last_resolution": "1920x1080", "video_device_id": "FY HD Video:\\\\?\\usb#22vid_534d&pid_2109&mi_00#227&11359651&4&0000#22{65e8773d-8f56-11d0-a3b9-00a0c9223196}\\global", "last_video_device_id": "FY HD Video:\\\\?\\usb#22vid_534d&pid_2109&mi_00#227&11359651&4&0000#22{65e8773d-8f56-11d0-a3b9-00a0c9223196}\\global", "res_type": 0, "active": true}, "mixers": 255, "sync": 0, "flags": 0, "volume": 1.0, "balance": 0.5, "enabled": true, "muted": true, "push-to-mute": false, "push-to-mute-delay": 0, "push-to-talk": false, "push-to-talk-delay": 0, "hotkeys": {"libobs.mute": [], "libobs.unmute": [], "libobs.push-to-mute": [], "libobs.push-to-talk": []}, "deinterlace_mode": 0, "deinterlace_field_order": 0, "monitoring_type": 0, "private_settings": {"mixer_hidden": true}}, {"prev_ver": 486604803, "name": "SONY", "uuid": "fe4ba3fc-ac2e-4fd8-accd-4f6fba56032c", "id": "v4l2_input", "versioned_id": "v4l2_input", "settings": {"video_device_id": "ezcap Game Link RAW:\\\\?\\usb#22vid_32ed&pid_3200&mi_00#228&17106582&0&0000#22{65e8773d-8f56-11d0-a3b9-00a0c9223196}\\global", "last_video_device_id": "ezcap Game Link RAW:\\\\?\\usb#22vid_32ed&pid_3200&mi_00#228&17106582&0&0000#22{65e8773d-8f56-11d0-a3b9-00a0c9223196}\\global", "resolution": "1920x1080", "last_resolution": "1920x1080", "res_type": 0, "active": true}, "mixers": 255, "sync": 0, "flags": 0, "volume": 1.0, "balance": 0.5, "enabled": true, "muted": true, "push-to-mute": false, "push-to-mute-delay": 0, "push-to-talk": false, "push-to-talk-delay": 0, "hotkeys": {"libobs.mute": [], "libobs.unmute": [], "libobs.push-to-mute": [], "libobs.push-to-talk": []}, "deinterlace_mode": 0, "deinterlace_field_order": 0, "monitoring_type": 0, "private_settings": {"mixer_hidden": true}}, {"prev_ver": 486604803, "name": "iOS", "uuid": "0ff74e27-94c7-44fa-8f84-6ba881b36fde", "id": "droidcam_obs", "versioned_id": "droidcam_obs", "settings": {"device_list": "dev_id_wifi", "resolution": 3, "cur_dev_id": "dev_id_wifi", "cur_dev_type": 1, "wifi_ip": "192.168.137.217", "cur_dev_ip": "192.168.137.217", "remote_url": "", "activated": true}, "mixers": 255, "sync": 0, "flags": 0, "volume": 0.0, "balance": 0.5, "enabled": true, "muted": false, "push-to-mute": false, "push-to-mute-delay": 0, "push-to-talk": false, "push-to-talk-delay": 0, "hotkeys": {"libobs.mute": [], "libobs.unmute": [], "libobs.push-to-mute": [], "libobs.push-to-talk": []}, "deinterlace_mode": 0, "deinterlace_field_order": 0, "monitoring_type": 0, "private_settings": {}}, {"prev_ver": 486604803, "name": "COVER-OPENING", "uuid": "d7fa2b72-1057-4c17-8f0c-79cb60c749c7", "id": "scene", "versioned_id": "scene", "settings": {"id_counter": 2, "custom_size": false, "items": [{"name": "OPEN", "source_uuid": "d0363c58-9f52-4fa2-a6fe-57a38efaa310", "visible": true, "locked": false, "rot": 0.0, "pos": {"x": 0.0, "y": 0.0}, "scale": {"x": 1.0, "y": 1.0}, "align": 5, "bounds_type": 0, "bounds_align": 0, "bounds": {"x": 0.0, "y": 0.0}, "crop_left": 0, "crop_top": 0, "crop_right": 0, "crop_bottom": 0, "id": 1, "group_item_backup": false, "scale_filter": "disable", "blend_method": "default", "blend_type": "normal", "show_transition": {"duration": 0}, "hide_transition": {"duration": 0}, "private_settings": {}}, {"name": "SONG", "source_uuid": "9c54971d-40f1-4fac-8d71-c197fd68e00d", "visible": true, "locked": false, "rot": 0.0, "pos": {"x": 0.0, "y": 0.0}, "scale": {"x": 1.0, "y": 1.0}, "align": 5, "bounds_type": 0, "bounds_align": 0, "bounds": {"x": 0.0, "y": 0.0}, "crop_left": 0, "crop_top": 0, "crop_right": 0, "crop_bottom": 0, "id": 2, "group_item_backup": false, "scale_filter": "disable", "blend_method": "default", "blend_type": "normal", "show_transition": {"duration": 0}, "hide_transition": {"duration": 0}, "private_settings": {}}]}, "mixers": 0, "sync": 0, "flags": 0, "volume": 1.0, "balance": 0.5, "enabled": true, "muted": false, "push-to-mute": false, "push-to-mute-delay": 0, "push-to-talk": false, "push-to-talk-delay": 0, "hotkeys": {"OBSBasic.SelectScene": [{"shift": true, "control": true, "alt": true, "key": "OBS_KEY_1"}], "libobs.show_scene_item.OPEN": [], "libobs.hide_scene_item.OPEN": [], "libobs.show_scene_item.SONG": [], "libobs.hide_scene_item.SONG": []}, "deinterlace_mode": 0, "deinterlace_field_order": 0, "monitoring_type": 0, "private_settings": {}}, {"prev_ver": 486604803, "name": "OPEN", "uuid": "d0363c58-9f52-4fa2-a6fe-57a38efaa310", "id": "image_source", "versioned_id": "image_source", "settings": {"file": "assets/MJ _COVER.png"}, "mixers": 0, "sync": 0, "flags": 0, "volume": 1.0, "balance": 0.5, "enabled": true, "muted": false, "push-to-mute": false, "push-to-mute-delay": 0, "push-to-talk": false, "push-to-talk-delay": 0, "hotkeys": {}, "deinterlace_mode": 0, "deinterlace_field_order": 0, "monitoring_type": 0, "private_settings": {}}, {"prev_ver": 486604803, "name": "crowd", "uuid": "e8971626-33a4-43ab-98c6-92cc9ce79698", "id": "scene", "versioned_id": "scene", "settings": {"id_counter": 8, "custom_size": false, "items": [{"name": "Mixer", "source_uuid": "2b23df2c-7b2c-4be5-b267-548ff956babe", "visible": true, "locked": false, "rot": 0.0, "pos": {"x": 0.0, "y": 0.0}, "scale": {"x": 1.0, "y": 1.0}, "align": 5, "bounds_type": 0, "bounds_align": 0, "bounds": {"x": 0.0, "y": 0.0}, "crop_left": 0, "crop_top": 0, "crop_right": 0, "crop_bottom": 0, "id": 1, "group_item_backup": false, "scale_filter": "disable", "blend_method": "default", "blend_type": "normal", "show_transition": {"duration": 0}, "hide_transition": {"duration": 0}, "private_settings": {}}, {"name": "CAM", "source_uuid": "af2e4dfc-74ae-4777-9779-bdbb4c3908de", "visible": false, "locked": false, "rot": 0.0, "pos": {"x": 0.0, "y": 0.0}, "scale": {"x": 1.0, "y": 1.0}, "align": 5, "bounds_type": 0, "bounds_align": 0, "bounds": {"x": 0.0, "y": 0.0}, "crop_left": 0, "crop_top": 0, "crop_right": 0, "crop_bottom": 0, "id": 3, "group_item_backup": false, "scale_filter": "disable", "blend_method": "default", "blend_type": "normal", "show_transition": {"duration": 0}, "hide_transition": {"duration": 0}, "private_settings": {}}, {"name": "SONY", "source_uuid": "fe4ba3fc-ac2e-4fd8-accd-4f6fba56032c", "visible": false, "locked": false, "rot": 0.0, "pos": {"x": 0.0, "y": 0.0}, "scale": {"x": 1.5, "y": 1.5}, "align": 5, "bounds_type": 0, "bounds_align": 0, "bounds": {"x": 0.0, "y": 0.0}, "crop_left": 0, "crop_top": 0, "crop_right": 0, "crop_bottom": 0, "id": 5, "group_item_backup": false, "scale_filter": "disable", "blend_method": "default", "blend_type": "normal", "show_transition": {"duration": 0}, "hide_transition": {"duration": 0}, "private_settings": {}}, {"name": "iOS", "source_uuid": "0ff74e27-94c7-44fa-8f84-6ba881b36fde", "visible": true, "locked": false, "rot": 0.0, "pos": {"x": 0.0, "y": 0.0}, "scale": {"x": 1.0, "y": 1.0}, "align": 5, "bounds_type": 0, "bounds_align": 0, "bounds": {"x": 0.0, "y": 0.0}, "crop_left": 0, "crop_top": 0, "crop_right": 0, "crop_bottom": 0, "id": 6, "group_item_backup": false, "scale_filter": "disable", "blend_method": "default", "blend_type": "normal", "show_transition": {"duration": 0}, "hide_transition": {"duration": 0}, "private_settings": {}}, {"name": "MJ_BANNER.png", "source_uuid": "af2f826c-9fa3-419d-8dcb-29c14f885ea3", "visible": true, "locked": false, "rot": 0.0, "pos": {"x": 0.0, "y": 0.0}, "scale": {"x": 1.0, "y": 1.0}, "align": 5, "bounds_type": 0, "bounds_align": 0, "bounds": {"x": 0.0, "y": 0.0}, "crop_left": 0, "crop_top": 0, "crop_right": 0, "crop_bottom": 0, "id": 7, "group_item_backup": false, "scale_filter": "disable", "blend_method": "default", "blend_type": "normal", "show_transition": {"duration": 0}, "hide_transition": {"duration": 0}, "private_settings": {}}, {"name": "Subtitle", "source_uuid": "eb1517c4-c6ad-4644-bbd3-ef5d60510b29", "visible": true, "locked": false, "rot": 0.0, "pos": {"x": 0.0, "y": 0.0}, "scale": {"x": 1.0, "y": 1.0}, "align": 5, "bounds_type": 0, "bounds_align": 0, "bounds": {"x": 0.0, "y": 0.0}, "crop_left": 0, "crop_top": 0, "crop_right": 0, "crop_bottom": 0, "id": 8, "group_item_backup": false, "scale_filter": "disable", "blend_method": "default", "blend_type": "normal", "show_transition": {"duration": 0}, "hide_transition": {"duration": 0}, "private_settings": {}}]}, "mixers": 0, "sync": 0, "flags": 0, "volume": 1.0, "balance": 0.5, "enabled": true, "muted": false, "push-to-mute": false, "push-to-mute-delay": 0, "push-to-talk": false, "push-to-talk-delay": 0, "hotkeys": {"OBSBasic.SelectScene": [{"shift": true, "control": true, "alt": true, "key": "OBS_KEY_2"}], "libobs.show_scene_item.Mixer": [], "libobs.hide_scene_item.Mixer": [], "libobs.show_scene_item.CAM": [], "libobs.hide_scene_item.CAM": [], "libobs.show_scene_item.SONY": [], "libobs.hide_scene_item.SONY": [], "libobs.show_scene_item.iOS": [], "libobs.hide_scene_item.iOS": [], "libobs.show_scene_item.MJ_BANNER.png": [], "libobs.hide_scene_item.MJ_BANNER.png": [], "libobs.show_scene_item.Subtitle": [], "libobs.hide_scene_item.Subtitle": []}, "deinterlace_mode": 0, "deinterlace_field_order": 0, "monitoring_type": 0, "private_settings": {}}, {"prev_ver": 486604803, "name": "mimbar", "uuid": "cbe75a45-07f7-4362-94a5-5f59b605df7e", "id": "scene", "versioned_id": "scene", "settings": {"id_counter": 6, "custom_size": false, "items": [{"name": "Mixer", "source_uuid": "2b23df2c-7b2c-4be5-b267-548ff956babe", "visible": true, "locked": false, "rot": 0.0, "pos": {"x": 0.0, "y": 0.0}, "scale": {"x": 1.0, "y": 1.0}, "align": 5, "bounds_type": 0, "bounds_align": 0, "bounds": {"x": 0.0, "y": 0.0}, "crop_left": 0, "crop_top": 0, "crop_right": 0, "crop_bottom": 0, "id": 1, "group_item_backup": false, "scale_filter": "disable", "blend_method": "default", "blend_type": "normal", "show_transition": {"duration": 0}, "hide_transition": {"duration": 0}, "private_settings": {}}, {"name": "CAM", "source_uuid": "af2e4dfc-74ae-4777-9779-bdbb4c3908de", "visible": false, "locked": false, "rot": 0.0, "pos": {"x": 0.0, "y": 0.0}, "scale": {"x": 1.0, "y": 1.0}, "align": 5, "bounds_type": 0, "bounds_align": 0, "bounds": {"x": 0.0, "y": 0.0}, "crop_left": 0, "crop_top": 0, "crop_right": 0, "crop_bottom": 0, "id": 2, "group_item_backup": false, "scale_filter": "disable", "blend_method": "default", "blend_type": "normal", "show_transition": {"duration": 0}, "hide_transition": {"duration": 0}, "private_settings": {}}, {"name": "SONY", "source_uuid": "fe4ba3fc-ac2e-4fd8-accd-4f6fba56032c", "visible": true, "locked": false, "rot": 0.0, "pos": {"x": 0.0, "y": 0.0}, "scale": {"x": 1.5, "y": 1.5}, "align": 5, "bounds_type": 0, "bounds_align": 0, "bounds": {"x": 0.0, "y": 0.0}, "crop_left": 0, "crop_top": 0, "crop_right": 0, "crop_bottom": 0, "id": 3, "group_item_backup": false, "scale_filter": "disable", "blend_method": "default", "blend_type": "normal", "show_transition": {"duration": 0}, "hide_transition": {"duration": 0}, "private_settings": {}}, {"name": "iOS", "source_uuid": "0ff74e27-94c7-44fa-8f84-6ba881b36fde", "visible": false, "locked": false, "rot": 0.0, "pos": {"x": 0.0, "y": 0.0}, "scale": {"x": 1.0, "y": 1.0}, "align": 5, "bounds_type": 0, "bounds_align": 0, "bounds": {"x": 0.0, "y": 0.0}, "crop_left": 0, "crop_top": 0, "crop_right": 0, "crop_bottom": 0, "id": 4, "group_item_backup": false, "scale_filter": "disable", "blend_method": "default", "blend_type": "normal", "show_transition": {"duration": 0}, "hide_transition": {"duration": 0}, "private_settings": {}}, {"name": "MJ_BANNER.png", "source_uuid": "af2f826c-9fa3-419d-8dcb-29c14f885ea3", "visible": true, "locked": false, "rot": 0.0, "pos": {"x": 0.0, "y": 0.0}, "scale": {"x": 1.0, "y": 1.0}, "align": 5, "bounds_type": 0, "bounds_align": 0, "bounds": {"x": 0.0, "y": 0.0}, "crop_left": 0, "crop_top": 0, "crop_right": 0, "crop_bottom": 0, "id": 5, "group_item_backup": false, "scale_filter": "disable", "blend_method": "default", "blend_type": "normal", "show_transition": {"duration": 0}, "hide_transition": {"duration": 0}, "private_settings": {}}, {"name": "Subtitle", "source_uuid": "eb1517c4-c6ad-4644-bbd3-ef5d60510b29", "visible": true, "locked": false, "rot": 0.0, "pos": {"x": 0.0, "y": 0.0}, "scale": {"x": 1.0, "y": 1.0}, "align": 5, "bounds_type": 0, "bounds_align": 0, "bounds": {"x": 0.0, "y": 0.0}, "crop_left": 0, "crop_top": 0, "crop_right": 0, "crop_bottom": 0, "id": 6, "group_item_backup": false, "scale_filter": "disable", "blend_method": "default", "blend_type": "normal", "show_transition": {"duration": 0}, "hide_transition": {"duration": 0}, "private_settings": {}}]}, "mixers": 0, "sync": 0, "flags": 0, "volume": 1.0, "balance": 0.5, "enabled": true, "muted": false, "push-to-mute": false, "push-to-mute-delay": 0, "push-to-talk": false, "push-to-talk-delay": 0, "hotkeys": {"OBSBasic.SelectScene": [{"shift": true, "control": true, "alt": true, "key": "OBS_KEY_4"}], "libobs.show_scene_item.Mixer": [], "libobs.hide_scene_item.Mixer": [], "libobs.show_scene_item.CAM": [], "libobs.hide_scene_item.CAM": [], "libobs.show_scene_item.SONY": [], "libobs.hide_scene_item.SONY": [], "libobs.show_scene_item.iOS": [], "libobs.hide_scene_item.iOS": [], "libobs.show_scene_item.MJ_BANNER.png": [], "libobs.hide_scene_item.MJ_BANNER.png": [], "libobs.show_scene_item.Subtitle": [], "libobs.hide_scene_item.Subtitle": []}, "deinterlace_mode": 0, "deinterlace_field_order": 0, "monitoring_type": 0, "private_settings": {}}, {"prev_ver": 486604803, "name": "front", "uuid": "0e9ed5ef-f7bf-4ee9-9860-82dfeb917320", "id": "scene", "versioned_id": "scene", "settings": {"id_counter": 6, "custom_size": false, "items": [{"name": "Mixer", "source_uuid": "2b23df2c-7b2c-4be5-b267-548ff956babe", "visible": true, "locked": false, "rot": 0.0, "pos": {"x": 0.0, "y": 0.0}, "scale": {"x": 1.0, "y": 1.0}, "align": 5, "bounds_type": 0, "bounds_align": 0, "bounds": {"x": 0.0, "y": 0.0}, "crop_left": 0, "crop_top": 0, "crop_right": 0, "crop_bottom": 0, "id": 1, "group_item_backup": false, "scale_filter": "disable", "blend_method": "default", "blend_type": "normal", "show_transition": {"duration": 0}, "hide_transition": {"duration": 0}, "private_settings": {}}, {"name": "CAM", "source_uuid": "af2e4dfc-74ae-4777-9779-bdbb4c3908de", "visible": true, "locked": false, "rot": 0.0, "pos": {"x": 0.0, "y": 0.0}, "scale": {"x": 1.0, "y": 1.0}, "align": 5, "bounds_type": 0, "bounds_align": 0, "bounds": {"x": 0.0, "y": 0.0}, "crop_left": 0, "crop_top": 0, "crop_right": 0, "crop_bottom": 0, "id": 2, "group_item_backup": false, "scale_filter": "disable", "blend_method": "default", "blend_type": "normal", "show_transition": {"duration": 0}, "hide_transition": {"duration": 0}, "private_settings": {}}, {"name": "SONY", "source_uuid": "fe4ba3fc-ac2e-4fd8-accd-4f6fba56032c", "visible": false, "locked": false, "rot": 0.0, "pos": {"x": 0.0, "y": 0.0}, "scale": {"x": 1.5, "y": 1.5}, "align": 5, "bounds_type": 0, "bounds_align": 0, "bounds": {"x": 0.0, "y": 0.0}, "crop_left": 0, "crop_top": 0, "crop_right": 0, "crop_bottom": 0, "id": 3, "group_item_backup": false, "scale_filter": "disable", "blend_method": "default", "blend_type": "normal", "show_transition": {"duration": 0}, "hide_transition": {"duration": 0}, "private_settings": {}}, {"name": "iOS", "source_uuid": "0ff74e27-94c7-44fa-8f84-6ba881b36fde", "visible": false, "locked": false, "rot": 0.0, "pos": {"x": 0.0, "y": 0.0}, "scale": {"x": 1.0, "y": 1.0}, "align": 5, "bounds_type": 0, "bounds_align": 0, "bounds": {"x": 0.0, "y": 0.0}, "crop_left": 0, "crop_top": 0, "crop_right": 0, "crop_bottom": 0, "id": 4, "group_item_backup": false, "scale_filter": "disable", "blend_method": "default", "blend_type": "normal", "show_transition": {"duration": 0}, "hide_transition": {"duration": 0}, "private_settings": {}}, {"name": "MJ_BANNER.png", "source_uuid": "af2f826c-9fa3-419d-8dcb-29c14f885ea3", "visible": true, "locked": false, "rot": 0.0, "pos": {"x": 0.0, "y": 0.0}, "scale": {"x": 1.0, "y": 1.0}, "align": 5, "bounds_type": 0, "bounds_align": 0, "bounds": {"x": 0.0, "y": 0.0}, "crop_left": 0, "crop_top": 0, "crop_right": 0, "crop_bottom": 0, "id": 5, "group_item_backup": false, "scale_filter": "disable", "blend_method": "default", "blend_type": "normal", "show_transition": {"duration": 0}, "hide_transition": {"duration": 0}, "private_settings": {}}, {"name": "Subtitle", "source_uuid": "eb1517c4-c6ad-4644-bbd3-ef5d60510b29", "visible": true, "locked": false, "rot": 0.0, "pos": {"x": 0.0, "y": 0.0}, "scale": {"x": 1.0, "y": 1.0}, "align": 5, "bounds_type": 0, "bounds_align": 0, "bounds": {"x": 0.0, "y": 0.0}, "crop_left": 0, "crop_top": 0, "crop_right": 0, "crop_bottom": 0, "id": 6, "group_item_backup": false, "scale_filter": "disable", "blend_method": "default", "blend_type": "normal", "show_transition": {"duration": 0}, "hide_transition": {"duration": 0}, "private_settings": {}}]}, "mixers": 0, "sync": 0, "flags": 0, "volume": 1.0, "balance": 0.5, "enabled": true, "muted": false, "push-to-mute": false, "push-to-mute-delay": 0, "push-to-talk": false, "push-to-talk-delay": 0, "hotkeys": {"OBSBasic.SelectScene": [{"shift": true, "control": true, "alt": true, "key": "OBS_KEY_3"}], "libobs.show_scene_item.Mixer": [], "libobs.hide_scene_item.Mixer": [], "libobs.show_scene_item.CAM": [], "libobs.hide_scene_item.CAM": [], "libobs.show_scene_item.SONY": [], "libobs.hide_scene_item.SONY": [], "libobs.show_scene_item.iOS": [], "libobs.hide_scene_item.iOS": [], "libobs.show_scene_item.MJ_BANNER.png": [], "libobs.hide_scene_item.MJ_BANNER.png": [], "libobs.show_scene_item.Subtitle": [], "libobs.hide_scene_item.Subtitle": []}, "deinterlace_mode": 0, "deinterlace_field_order": 0, "monitoring_type": 0, "private_settings": {}}, {"prev_ver": 486604803, "name": "MJ_BANNER.png", "uuid": "af2f826c-9fa3-419d-8dcb-29c14f885ea3", "id": "image_source", "versioned_id": "image_source", "settings": {"file": "assets/MJ_BANNER.png"}, "mixers": 0, "sync": 0, "flags": 0, "volume": 1.0, "balance": 0.5, "enabled": true, "muted": false, "push-to-mute": false, "push-to-mute-delay": 0, "push-to-talk": false, "push-to-talk-delay": 0, "hotkeys": {}, "deinterlace_mode": 0, "deinterlace_field_order": 0, "monitoring_type": 0, "private_settings": {}}, {"prev_ver": 486604803, "name": "Subtitle", "uuid": "eb1517c4-c6ad-4644-bbd3-ef5d60510b29", "id": "browser_source", "versioned_id": "browser_source", "settings": {"url": "localhost:3000", "width": 1920, "height": 1080}, "mixers": 255, "sync": 0, "flags": 0, "volume": 1.0, "balance": 0.5, "enabled": true, "muted": false, "push-to-mute": false, "push-to-mute-delay": 0, "push-to-talk": false, "push-to-talk-delay": 0, "hotkeys": {"libobs.mute": [], "libobs.unmute": [], "libobs.push-to-mute": [], "libobs.push-to-talk": [], "ObsBrowser.Refresh": []}, "deinterlace_mode": 0, "deinterlace_field_order": 0, "monitoring_type": 0, "private_settings": {}}, {"prev_ver": 486604803, "name": "SONG", "uuid": "9c54971d-40f1-4fac-8d71-c197fd68e00d", "id": "ffmpeg_source", "versioned_id": "ffmpeg_source", "settings": {"close_when_inactive": true, "local_file": "assets/ROYALTY FREE Islamic Music Ramadan Royalty Free Music Muslim Royalty Free Music by MUSIC4VIDEO.mp3", "looping": true}, "mixers": 255, "sync": 0, "flags": 0, "volume": 0.31703123450279236, "balance": 0.5, "enabled": true, "muted": false, "push-to-mute": false, "push-to-mute-delay": 0, "push-to-talk": false, "push-to-talk-delay": 0, "hotkeys": {"libobs.mute": [], "libobs.unmute": [], "libobs.push-to-mute": [], "libobs.push-to-talk": [], "MediaSource.Restart": [], "MediaSource.Play": [], "MediaSource.Pause": [], "MediaSource.Stop": []}, "deinterlace_mode": 0, "deinterlace_field_order": 0, "monitoring_type": 0, "private_settings": {}}, {"prev_ver": 486604803, "name": "pip2", "uuid": "64d10b18-b9aa-4d28-a330-51bade61fea8", "id": "scene", "versioned_id": "scene", "settings": {"id_counter": 6, "custom_size": false, "items": [{"name": "Mixer", "source_uuid": "2b23df2c-7b2c-4be5-b267-548ff956babe", "visible": true, "locked": false, "rot": 0.0, "pos": {"x": 0.0, "y": 0.0}, "scale": {"x": 1.0, "y": 1.0}, "align": 5, "bounds_type": 0, "bounds_align": 0, "bounds": {"x": 0.0, "y": 0.0}, "crop_left": 0, "crop_top": 0, "crop_right": 0, "crop_bottom": 0, "id": 1, "group_item_backup": false, "scale_filter": "disable", "blend_method": "default", "blend_type": "normal", "show_transition": {"duration": 0}, "hide_transition": {"duration": 0}, "private_settings": {}}, {"name": "SONY", "source_uuid": "fe4ba3fc-ac2e-4fd8-accd-4f6fba56032c", "visible": true, "locked": false, "rot": 0.0, "pos": {"x": 0.0, "y": 0.0}, "scale": {"x": 1.5, "y": 1.5}, "align": 5, "bounds_type": 0, "bounds_align": 0, "bounds": {"x": 0.0, "y": 0.0}, "crop_left": 0, "crop_top": 0, "crop_right": 0, "crop_bottom": 0, "id": 3, "group_item_backup": false, "scale_filter": "disable", "blend_method": "default", "blend_type": "normal", "show_transition": {"duration": 0}, "hide_transition": {"duration": 0}, "private_settings": {}}, {"name": "CAM", "source_uuid": "af2e4dfc-74ae-4777-9779-bdbb4c3908de", "visible": false, "locked": false, "rot": 0.0, "pos": {"x": 1093.0, "y": 615.0}, "scale": {"x": 0.4307291805744171, "y": 0.4305555522441864}, "align": 5, "bounds_type": 0, "bounds_align": 0, "bounds": {"x": 0.0, "y": 0.0}, "crop_left": 0, "crop_top": 0, "crop_right": 0, "crop_bottom": 0, "id": 2, "group_item_backup": false, "scale_filter": "disable", "blend_method": "default", "blend_type": "normal", "show_transition": {"duration": 0}, "hide_transition": {"duration": 0}, "private_settings": {}}, {"name": "iOS", "source_uuid": "0ff74e27-94c7-44fa-8f84-6ba881b36fde", "visible": true, "locked": true, "rot": 0.0, "pos": {"x": 0.0, "y": 0.0}, "scale": {"x": 1.0, "y": 1.0}, "align": 5, "bounds_type": 0, "bounds_align": 0, "bounds": {"x": 0.0, "y": 0.0}, "crop_left": 0, "crop_top": 0, "crop_right": 0, "crop_bottom": 0, "id": 4, "group_item_backup": false, "scale_filter": "disable", "blend_method": "default", "blend_type": "normal", "show_transition": {"duration": 0}, "hide_transition": {"duration": 0}, "private_settings": {}}, {"name": "MJ_BANNER.png", "source_uuid": "af2f826c-9fa3-419d-8dcb-29c14f885ea3", "visible": true, "locked": true, "rot": 0.0, "pos": {"x": 0.0, "y": 0.0}, "scale": {"x": 1.0, "y": 1.0}, "align": 5, "bounds_type": 0, "bounds_align": 0, "bounds": {"x": 0.0, "y": 0.0}, "crop_left": 0, "crop_top": 0, "crop_right": 0, "crop_bottom": 0, "id": 5, "group_item_backup": false, "scale_filter": "disable", "blend_method": "default", "blend_type": "normal", "show_transition": {"duration": 0}, "hide_transition": {"duration": 0}, "private_settings": {}}, {"name": "Subtitle", "source_uuid": "eb1517c4-c6ad-4644-bbd3-ef5d60510b29", "visible": false, "locked": true, "rot": 0.0, "pos": {"x": 0.0, "y": 0.0}, "scale": {"x": 1.0, "y": 1.0}, "align": 5, "bounds_type": 0, "bounds_align": 0, "bounds": {"x": 0.0, "y": 0.0}, "crop_left": 0, "crop_top": 0, "crop_right": 0, "crop_bottom": 0, "id": 6, "group_item_backup": false, "scale_filter": "disable", "blend_method": "default", "blend_type": "normal", "show_transition": {"duration": 0}, "hide_transition": {"duration": 0}, "private_settings": {}}]}, "mixers": 0, "sync": 0, "flags": 0, "volume": 1.0, "balance": 0.5, "enabled": true, "muted": false, "push-to-mute": false, "push-to-mute-delay": 0, "push-to-talk": false, "push-to-talk-delay": 0, "hotkeys": {"OBSBasic.SelectScene": [{"shift": true, "control": true, "alt": true, "key": "OBS_KEY_5"}], "libobs.show_scene_item.Mixer": [], "libobs.hide_scene_item.Mixer": [], "libobs.show_scene_item.SONY": [], "libobs.hide_scene_item.SONY": [], "libobs.show_scene_item.CAM": [], "libobs.hide_scene_item.CAM": [], "libobs.show_scene_item.iOS": [], "libobs.hide_scene_item.iOS": [], "libobs.show_scene_item.MJ_BANNER.png": [], "libobs.hide_scene_item.MJ_BANNER.png": [], "libobs.show_scene_item.Subtitle": [], "libobs.hide_scene_item.Subtitle": []}, "deinterlace_mode": 0, "deinterlace_field_order": 0, "monitoring_type": 0, "private_settings": {}}, {"prev_ver": 486604803, "name": "pip2 2", "uuid": "8367e1e0-3d8b-4eff-a9d2-d75ae94cd4cc", "id": "scene", "versioned_id": "scene", "settings": {"id_counter": 6, "custom_size": false, "items": [{"name": "Mixer", "source_uuid": "2b23df2c-7b2c-4be5-b267-548ff956babe", "visible": true, "locked": false, "rot": 0.0, "pos": {"x": 0.0, "y": 0.0}, "scale": {"x": 1.0, "y": 1.0}, "align": 5, "bounds_type": 0, "bounds_align": 0, "bounds": {"x": 0.0, "y": 0.0}, "crop_left": 0, "crop_top": 0, "crop_right": 0, "crop_bottom": 0, "id": 1, "group_item_backup": false, "scale_filter": "disable", "blend_method": "default", "blend_type": "normal", "show_transition": {"duration": 0}, "hide_transition": {"duration": 0}, "private_settings": {}}, {"name": "SONY", "source_uuid": "fe4ba3fc-ac2e-4fd8-accd-4f6fba56032c", "visible": true, "locked": false, "rot": 0.0, "pos": {"x": 0.0, "y": 0.0}, "scale": {"x": 1.5, "y": 1.5}, "align": 5, "bounds_type": 0, "bounds_align": 0, "bounds": {"x": 0.0, "y": 0.0}, "crop_left": 0, "crop_top": 0, "crop_right": 0, "crop_bottom": 0, "id": 2, "group_item_backup": false, "scale_filter": "disable", "blend_method": "default", "blend_type": "normal", "show_transition": {"duration": 0}, "hide_transition": {"duration": 0}, "private_settings": {}}, {"name": "CAM", "source_uuid": "af2e4dfc-74ae-4777-9779-bdbb4c3908de", "visible": true, "locked": false, "rot": 0.0, "pos": {"x": 1093.0, "y": 615.0}, "scale": {"x": 0.4307291805744171, "y": 0.4305555522441864}, "align": 5, "bounds_type": 0, "bounds_align": 0, "bounds": {"x": 0.0, "y": 0.0}, "crop_left": 0, "crop_top": 0, "crop_right": 0, "crop_bottom": 0, "id": 3, "group_item_backup": false, "scale_filter": "disable", "blend_method": "default", "blend_type": "normal", "show_transition": {"duration": 0}, "hide_transition": {"duration": 0}, "private_settings": {}}, {"name": "iOS", "source_uuid": "0ff74e27-94c7-44fa-8f84-6ba881b36fde", "visible": false, "locked": false, "rot": 0.0, "pos": {"x": 757.0, "y": 426.0}, "scale": {"x": 0.6057291626930237, "y": 0.605555534362793}, "align": 5, "bounds_type": 0, "bounds_align": 0, "bounds": {"x": 0.0, "y": 0.0}, "crop_left": 0, "crop_top": 0, "crop_right": 0, "crop_bottom": 0, "id": 4, "group_item_backup": false, "scale_filter": "disable", "blend_method": "default", "blend_type": "normal", "show_transition": {"duration": 0}, "hide_transition": {"duration": 0}, "private_settings": {}}, {"name": "MJ_BANNER.png", "source_uuid": "af2f826c-9fa3-419d-8dcb-29c14f885ea3", "visible": true, "locked": true, "rot": 0.0, "pos": {"x": 0.0, "y": 0.0}, "scale": {"x": 1.0, "y": 1.0}, "align": 5, "bounds_type": 0, "bounds_align": 0, "bounds": {"x": 0.0, "y": 0.0}, "crop_left": 0, "crop_top": 0, "crop_right": 0, "crop_bottom": 0, "id": 5, "group_item_backup": false, "scale_filter": "disable", "blend_method": "default", "blend_type": "normal", "show_transition": {"duration": 0}, "hide_transition": {"duration": 0}, "private_settings": {}}, {"name": "Subtitle", "source_uuid": "eb1517c4-c6ad-4644-bbd3-ef5d60510b29", "visible": false, "locked": true, "rot": 0.0, "pos": {"x": 0.0, "y": 0.0}, "scale": {"x": 1.0, "y": 1.0}, "align": 5, "bounds_type": 0, "bounds_align": 0, "bounds": {"x": 0.0, "y": 0.0}, "crop_left": 0, "crop_top": 0, "crop_right": 0, "crop_bottom": 0, "id": 6, "group_item_backup": false, "scale_filter": "disable", "blend_method": "default", "blend_type": "normal", "show_transition": {"duration": 0}, "hide_transition": {"duration": 0}, "private_settings": {}}]}, "mixers": 0, "sync": 0, "flags": 0, "volume": 1.0, "balance": 0.5, "enabled": true, "muted": false, "push-to-mute": false, "push-to-mute-delay": 0, "push-to-talk": false, "push-to-talk-delay": 0, "hotkeys": {"OBSBasic.SelectScene": [{"shift": true, "control": true, "alt": true, "key": "OBS_KEY_6"}], "libobs.show_scene_item.Mixer": [], "libobs.hide_scene_item.Mixer": [], "libobs.show_scene_item.SONY": [], "libobs.hide_scene_item.SONY": [], "libobs.show_scene_item.CAM": [], "libobs.hide_scene_item.CAM": [], "libobs.show_scene_item.iOS": [], "libobs.hide_scene_item.iOS": [], "libobs.show_scene_item.MJ_BANNER.png": [], "libobs.hide_scene_item.MJ_BANNER.png": [], "libobs.show_scene_item.Subtitle": [], "libobs.hide_scene_item.Subtitle": []}, "deinterlace_mode": 0, "deinterlace_field_order": 0, "monitoring_type": 0, "private_settings": {}}], "groups": [], "quick_transitions": [{"name": "Cut", "duration": 300, "hotkeys": [], "id": 29, "fade_to_black": false}, {"name": "Fade", "duration": 2000, "hotkeys": [], "id": 30, "fade_to_black": false}, {"name": "Fade", "duration": 300, "hotkeys": [], "id": 31, "fade_to_black": true}], "transitions": [], "saved_projectors": [], "current_transition": "Fade", "transition_duration": 500, "preview_locked": false, "scaling_enabled": false, "scaling_level": 0, "scaling_off_x": 0.0, "scaling_off_y": 0.0, "virtual-camera": {"type": 0, "internal": 0}, "modules": {"transition-table": {"transitions": [], "enable_hotkey": [], "disable_hotkey": []}, "scripts-tool": [{"path": "F:/Developer/text-slides/obsscript.lua", "settings": {"send_message_hotkey": [{"shift": true, "control": true, "alt": true, "key": "OBS_KEY_LEFT"}]}}], "output-timer": {"streamTimerHours": 0, "streamTimerMinutes": 0, "streamTimerSeconds": 30, "recordTimerHours": 0, "recordTimerMinutes": 0, "recordTimerSeconds": 30, "autoStartStreamTimer": false, "autoStartRecordTimer": false, "pauseRecordTimer": true}, "auto-scene-switcher": {"interval": 300, "non_matching_scene": "", "switch_if_not_matching": false, "active": false, "switches": []}, "captions": {"source": "", "enabled": false, "lang_id": 1033, "provider": "mssapi"}}}